{
    "value0": {
        "translation": {
            "m00": 8.36587982202176283e-02,
            "m10": 1.19386250156079787e-01,
            "m20": -1.49830166833869738e-03
        },
        "rotation": {
            "x": -1.78040750072654630e-01,
            "y": -5.47860131344348744e-01,
            "z": 6.92004086667452389e-01,
            "w": 4.35064491578506685e-01
        }
    }
}
