{
    "value0": {
        "translation": {
            "m00": 8.36587982202176283e-02,
            "m10": 1.19386250156079787e-01,
            "m20": -1.49830166833869738e-03
        },
        "rotation": {
            "x": 0.18174148761878797,
            "y": 0.10192419080896659,
            "z": 0.8767079885561446,
            "w": 0.43352671637153617
        }
    }
}
